insert into GCM_APP(APP_CODE, APP_NAME, API_ID, API_KEY, RETRY_CNT, REG_DATE) VALUE("ST", "앱2", "508784257206", "AIzaSyAAjZEyenNMKwBpDMEWDc_Z1vEqNy3Kg1s", 5, NOW());
insert into GCM_APP(APP_CODE, APP_NAME, API_ID, API_KEY, RETRY_CNT, REG_DATE) VALUE("AC", "앱1", "508784257206", "AIzaSyAAjZEyenNMKwBpDMEWDc_Z1vEqNy3Kg1s", 5, NOW());

insert into GCM_DEVICE(REG_ID, USER_INFO, REG_STATUS, BADGE, REG_DATE) VALUE("erBpRynZHDI:APA91bHkkTpxyjjJbLUhAdhphX-sgMlXAubJTQbYpBl_FmT077OzyWjXE8MTySdy81yMREhewvcyNGQu3ZtdM52MFsH7G2YKFvJX6p203qVUSUZD1SGp4qhLhvAp0tR3g2NPgck7YDkB", "13011010", "3", 5, NOW());
insert into GCM_DEVICE(REG_ID, USER_INFO, REG_STATUS, BADGE, REG_DATE) VALUE("fYJVzku5NLQ:APA91bE9F4427qGx_LvTLdgyLO6iU2Rg-Vpq6fwwHLYaiGlJ62zlAYY2dOxjqh7uS2zWtW8SzV7yvMhV4MzpL-lPb93MlktsTwxKbC8VkkC2f4nws-Pl26_BBBsTuhSK61W0jq8h_5Bt", "12071008", "3", 5, NOW());


insert into GCM_SEND(TITLE, MESSAGE, STATUS_CODE, REG_DATE, APP_CODE, REG_ID, GROUP_ID) VALUE("테스트1", "안녕하세요.", 1, NOW(), "ST", "fYJVzku5NLQ:APA91bE9F4427qGx_LvTLdgyLO6iU2Rg-Vpq6fwwHLYaiGlJ62zlAYY2dOxjqh7uS2zWtW8SzV7yvMhV4MzpL-lPb93MlktsTwxKbC8VkkC2f4nws-Pl26_BBBsTuhSK61W0jq8h_5Bt","1");
insert into GCM_SEND(TITLE, MESSAGE, STATUS_CODE, REG_DATE, APP_CODE, REG_ID, GROUP_ID) VALUE("테스트1", "푸쉬테이터.", 1, NOW(), "AC", "fYJVzku5NLQ:APA91bE9F4427qGx_LvTLdgyLO6iU2Rg-Vpq6fwwHLYaiGlJ62zlAYY2dOxjqh7uS2zWtW8SzV7yvMhV4MzpL-lPb93MlktsTwxKbC8VkkC2f4nws-Pl26_BBBsTuhSK61W0jq8h_5Bt","1");
insert into GCM_SEND(TITLE, MESSAGE, STATUS_CODE, REG_DATE, APP_CODE, REG_ID) VALUE("테스트1", "베이비", 1, NOW(), "AC", "fYJVzku5NLQ:APA91bE9F4427qGx_LvTLdgyLO6iU2Rg-Vpq6fwwHLYaiGlJ62zlAYY2dOxjqh7uS2zWtW8SzV7yvMhV4MzpL-lPb93MlktsTwxKbC8VkkC2f4nws-Pl26_BBBsTuhSK61W0jq8h_5Bt");
insert into GCM_SEND(TITLE, MESSAGE, STATUS_CODE, REG_DATE, APP_CODE, REG_ID) VALUE("테스트1", "123677", 1, NOW(), "AC", "fYJVzku5NLQ:APA91bE9F4427qGx_LvTLdgyLO6iU2Rg-Vpq6fwwHLYaiGlJ62zlAYY2dOxjqh7uS2zWtW8SzV7yvMhV4MzpL-lPb93MlktsTwxKbC8VkkC2f4nws-Pl26_BBBsTuhSK61W0jq8h_5Bt");
insert into GCM_SEND(TITLE, MESSAGE, STATUS_CODE, REG_DATE, APP_CODE, REG_ID) VALUE("테스트1", "더미", 1, NOW(), "ST", "fYJVzku5NLQ:APA91bE9F4427qGx_LvTLdgyLO6iU2Rg-Vpq6fwwHLYaiGlJ62zlAYY2dOxjqh7uS2zWtW8SzV7yvMhV4MzpL-lPb93MlktsTwxKbC8VkkC2f4nws-Pl26_BBBsTuhSK61W0jq8h_5Bt");
insert into GCM_SEND(TITLE, MESSAGE, STATUS_CODE, REG_DATE, APP_CODE, REG_ID) VALUE("테스트1", "크악.", 1, NOW(), "ST", "fYJVzku5NLQ:APA91bE9F4427qGx_LvTLdgyLO6iU2Rg-Vpq6fwwHLYaiGlJ62zlAYY2dOxjqh7uS2zWtW8SzV7yvMhV4MzpL-lPb93MlktsTwxKbC8VkkC2f4nws-Pl26_BBBsTuhSK61W0jq8h_5Bt");
insert into GCM_SEND(TITLE, MESSAGE, STATUS_CODE, REG_DATE, APP_CODE, REG_ID) VALUE("테스트1", "극악", 1, NOW(), "ST", "erBpRynZHDI:APA91bHkkTpxyjjJbLUhAdhphX-sgMlXAubJTQbYpBl_FmT077OzyWjXE8MTySdy81yMREhewvcyNGQu3ZtdM52MFsH7G2YKFvJX6p203qVUSUZD1SGp4qhLhvAp0tR3g2NPgck7YDkB");
insert into GCM_SEND(TITLE, MESSAGE, STATUS_CODE, REG_DATE, APP_CODE, REG_ID, GROUP_ID) VALUE("테스트1", "이로얌", 1, NOW(), "ST", "fYJVzku5NLQ:APA91bE9F4427qGx_LvTLdgyLO6iU2Rg-Vpq6fwwHLYaiGlJ62zlAYY2dOxjqh7uS2zWtW8SzV7yvMhV4MzpL-lPb93MlktsTwxKbC8VkkC2f4nws-Pl26_BBBsTuhSK61W0jq8h_5Bt","2");
insert into GCM_SEND(TITLE, MESSAGE, STATUS_CODE, REG_DATE, APP_CODE, REG_ID, GROUP_ID) VALUE("테스트1", "이로얌", 1, NOW(), "AC", "fYJVzku5NLQ:APA91bE9F4427qGx_LvTLdgyLO6iU2Rg-Vpq6fwwHLYaiGlJ62zlAYY2dOxjqh7uS2zWtW8SzV7yvMhV4MzpL-lPb93MlktsTwxKbC8VkkC2f4nws-Pl26_BBBsTuhSK61W0jq8h_5Bt","2");
insert into GCM_SEND(TITLE, MESSAGE, STATUS_CODE, REG_DATE, APP_CODE, REG_ID, GROUP_ID) VALUE("테스트1", "이로얌.", 1, NOW(), "AC", "fYJVzku5NLQ:APA91bE9F4427qGx_LvTLdgyLO6iU2Rg-Vpq6fwwHLYaiGlJ62zlAYY2dOxjqh7uS2zWtW8SzV7yvMhV4MzpL-lPb93MlktsTwxKbC8VkkC2f4nws-Pl26_BBBsTuhSK61W0jq8h_5Bt","2");
insert into GCM_SEND(TITLE, MESSAGE, STATUS_CODE, REG_DATE, APP_CODE, REG_ID) VALUE("테스트1", "유이얌.", 1, NOW(), "AC", "fYJVzku5NLQ:APA91bE9F4427qGx_LvTLdgyLO6iU2Rg-Vpq6fwwHLYaiGlJ62zlAYY2dOxjqh7uS2zWtW8SzV7yvMhV4MzpL-lPb93MlktsTwxKbC8VkkC2f4nws-Pl26_BBBsTuhSK61W0jq8h_5Bt");
insert into GCM_SEND(TITLE, MESSAGE, STATUS_CODE, REG_DATE, APP_CODE, REG_ID) VALUE("테스트1", "호호호", 1, NOW(), "ST", "fYJVzku5NLQ:APA91bE9F4427qGx_LvTLdgyLO6iU2Rg-Vpq6fwwHLYaiGlJ62zlAYY2dOxjqh7uS2zWtW8SzV7yvMhV4MzpL-lPb93MlktsTwxKbC8VkkC2f4nws-Pl26_BBBsTuhSK61W0jq8h_5Bt");
insert into GCM_SEND(TITLE, MESSAGE, STATUS_CODE, REG_DATE, APP_CODE, REG_ID) VALUE("테스트1", "하하하.", 1, NOW(), "ST", "fYJVzku5NLQ:APA91bE9F4427qGx_LvTLdgyLO6iU2Rg-Vpq6fwwHLYaiGlJ62zlAYY2dOxjqh7uS2zWtW8SzV7yvMhV4MzpL-lPb93MlktsTwxKbC8VkkC2f4nws-Pl26_BBBsTuhSK61W0jq8h_5Bt");
insert into GCM_SEND(TITLE, MESSAGE, STATUS_CODE, REG_DATE, APP_CODE, REG_ID) VALUE("테스트1", "크크크.", 1, NOW(), "AC", "erBpRynZHDI:APA91bHkkTpxyjjJbLUhAdhphX-sgMlXAubJTQbYpBl_FmT077OzyWjXE8MTySdy81yMREhewvcyNGQu3ZtdM52MFsH7G2YKFvJX6p203qVUSUZD1SGp4qhLhvAp0tR3g2NPgck7YDkB");
insert into GCM_SEND(TITLE, MESSAGE, STATUS_CODE, REG_DATE, APP_CODE, REG_ID) VALUE("테스트1", "룰루랄라.", 1, NOW(), "ST", "erBpRynZHDI:APA91bHkkTpxyjjJbLUhAdhphX-sgMlXAubJTQbYpBl_FmT077OzyWjXE8MTySdy81yMREhewvcyNGQu3ZtdM52MFsH7G2YKFvJX6p203qVUSUZD1SGp4qhLhvAp0tR3g2NPgck7YDkB");


